region,hops_id,osm_id,meters,sim,hops_name,osm_name,hops_addr,osm_addr
baden-wuerttemberg/freiburg,tk_fr_1797,tk_fr-bw_osm_w113104676,15.8,0.53,"Kiosk Stadtbahn Landwasser","Kiosk an der Straßenbahnhaltestelle ""Moosweiher""","Elsässer Straße 100",""
baden-wuerttemberg/karlsruhe,tk_fr_1833,tk_ka_osm_n567475580,16.7,0.45,"Kiosk am Werderplatz","Erdal's Kiosk am Indianerbrunnen","Werderstraße 51","Werderstraße 51a"
baden-wuerttemberg/mannheim,tk_fr_0397,tk_ma_osm_n11478355681,19.8,0.53,"Kiosk Michelstadt","Kiosk Stommel","Bahnhofstraße 58",""
baden-wuerttemberg/mannheim,tk_fr_0475,tk_ma_osm_n3854265263,10.6,0.50,"Kiosk ""Back Food""","Kiosk life","Oppauer Straße 2",""
baden-wuerttemberg/mannheim,tk_fr_1176,tk_ma_osm_n1651983263,11.2,0.41,"Der Allrounder Kiosk","Kiosk am Messplatz","Am Meßplatz 9",""
baden-wuerttemberg/mannheim,tk_fr_1178,tk_ma_osm_n664160717,12.4,0.38,"Kiosk am Eck","Ecke Ost-West","Carl-Benz-Straße 2","Waldhofstraße 38C"
baden-wuerttemberg/stuttgart,tk_fr_1127,tk_s_osm_n4181123848,19.8,0.48,"Kiosk Hayta","Hayta's Tabak Börse","Filderbahnstraße 12",""
bayern/muenchen,tk_fr_0668,tk_m_osm_n366112845,9.7,0.47,"Späti Görresstraße","Späti 69","Schleißheimer Str. 69","Schleißheimer Straße 69"
bayern/muenchen,tk_fr_1185,tk_m_osm_n11123783581,16.8,0.34,"U-Bahn Kiosk","DENZ Lotto Kiosk Poststelle","Candidplatz 1","Hans-Mielich-Straße 35"
bayern/nuernberg,tk_fr_1204,tk_n_osm_w435638375,8.3,0.32,"Kiosk Leipziger Platz","Kiosk im Delfinhaus","Leipziger Platz 19",""
berlin/berlin,tk_fr_1425,tk_b_osm_n3906974557,14.2,0.55,"Kiosk Internet","Kopernikus Kiosk","Kopernikusstraße 1-5","Kopernikusstraße 6"
berlin/berlin,tk_fr_1034,tk_fr_1035,26.7,0.52,"Presse Shop ","Spätshop","Reinickendorfer Straße 72","Reinickendorfer Straße 73"
bremen/bremen,tk_fr_1737,tk_fr_0672,28.3,0.52,"Kiosco amigos","Que pasa Amigos","Vor dem Steintor 7","Vor dem Steintor 8"
bremen/bremen,tk_fr_1950,tk_hb_osm_n9190629705,14.8,0.37,"Kiosk an der Schule","Kiosk am Plaggenkrug","Plaggenkrugstraße 29",""
hamburg/hamburg,tk_fr_1659,tk_hh_osm_n1282452840,14.3,0.52,"Kiosk Café Rossio","Kiosk: Ritter","Wandsbeker Chaussee 117","Wandsbeker Chaussee 115"
hamburg/hamburg,tk_fr_0457,tk_hh_osm_n5098670864,22.3,0.51,"St. Pauli Getränkeshop","Kiosk St. Pauli","Feldstraße 33",""
hamburg/hamburg,tk_fr_0806,tk_fr_2152,25.9,0.43,"One Minute Kiosk & Imbiss","Pinar Kiosk","Glashüttenstraße 99a","Marktstraße 128"
hamburg/hamburg,tk_fr_0460,tk_hh_osm_n9223594384,11.9,0.36,"Kiosk No 7","Kioks 62","Georg-Wilhelm-Straße 7A","Georg-Wilhelm-Straße 7"
hamburg/hamburg,tk_fr_0492,tk_hh_osm_n4547186163,16.5,0.35,"Schäfer","Hammer Kiosk","Carl-Petersen-Straße 118",""
hessen/frankfurt,tk_fr_0350,tk_fr_osm_n9241186347,8.7,0.55,"Kiosk Akrami Farid","Herai Kiosk","Königsteiner Straße 1",""
hessen/frankfurt,tk_fr_0107,tk_fr_osm_n7315796481,10.4,0.53,"Trinkhalle Blauländchenstraße","Trinkhalle an der Käthe","Alt-Zeilsheim 3",""
hessen/frankfurt,tk_fr_0813,tk_fr_osm_w1304042532,13.8,0.53,"Kiosk am Schloss ","Kulturkiosk ""Am Kumpen""","Am Kumpen","Am Kumpen"
hessen/frankfurt,tk_fr_0277,tk_fr_osm_n1684467908,13.5,0.52,"Radilo Kiosk","Doki's Kiosk","Radilostraße 11",""
hessen/frankfurt,tk_fr_1777,tk_fr_osm_n1270146975,14.3,0.52,"Yilmaz-Shopping Point","Yilmaz Kiosk - Hermes Paket Shop","Bischof-Ketteler-Straße 15","Bischof-Ketteler-Straße 13"
hessen/frankfurt,tk_fr_2117,tk_fr_osm_n1788473924,28.4,0.52,"Abraham Kiosk","A1 Kaffee & Kiosk","Karlsruher Straße 18",""
hessen/frankfurt,tk_fr_2118,tk_fr_osm_n1801694550,8.5,0.50,"Skyline Smoke Kiosk","Kiosk 111","Mainzer Landstraße 111",""
hessen/frankfurt,tk_fr_2049,tk_fr_osm_n12795916031,13.0,0.50,"Mo’s Späti","Kiosk Späti 929","Münchener Straße 16",""
hessen/frankfurt,tk_fr_0300,tk_fr_osm_n2361453834,14.9,0.50,"Kiosk Hausen","Drachenkiosk","Große Nelkenstraße 38-42","Große Nelkenstraße 29"
hessen/frankfurt,tk_fr_0429,tk_fr_osm_n5065030521,25.1,0.50,"Lotto auf der Zeil","Lotto Totto","An der Staufenmauer 11",""
hessen/frankfurt,tk_fr_0006,tk_fr_osm_n8450193226,13.4,0.48,"Onur Kiosk","Babba Café & Kiosk","Mainzer Landstraße 337",""
hessen/frankfurt,tk_fr_0359,tk_fr_osm_n5983933402,10.7,0.45,"Kiosk Mizanur","Einkaufs-Kiosk","Waldstraße 44-46","Waldstraße 44"
hessen/frankfurt,tk_fr_1963,tk_fr_osm_n10654402215,11.1,0.45,"Neighborhood Kiosk","Kiosk 933","Bruchfeldstraße 40","Bruchfeldstraße 38"
hessen/frankfurt,tk_fr_1908,tk_fr_osm_n9933780067,14.1,0.45,"Tabak Moerser Presse","Tabak, Lotto, Hermes","Asterweg 11","Walltorstraße 15"
hessen/frankfurt,tk_fr_0607,tk_fr_osm_n6284198767,9.3,0.44,"Piccadilly Trink-Keller","Trinkhalle","Sandweg 11",""
hessen/frankfurt,tk_fr_0297,tk_fr_osm_n8356971355,12.3,0.42,"Kiosk & Internetcafe Alt Praunheim ","Kiosk Sports Cafe","Heerstraße 2",""
hessen/frankfurt,tk_fr_0326,tk_fr_osm_n7021221113,13.8,0.41,"Kiosk Ursula May","Einkaufs Kiosk","Bieberer Straße 81",""
hessen/frankfurt,tk_fr_0305,tk_fr_osm_w287199463,9.3,0.40,"Kiosk an der Neckarstraße","SVJ Kiosk Asia Markt","Neckarstraße 3",""
hessen/frankfurt,tk_fr_1562,tk_fr_osm_n310659272,9.6,0.40,"Kiosk Emmerich ","Kiosk-Lotto Point","Waldschulstraße 118",""
hessen/frankfurt,tk_fr_0345,tk_fr_osm_w1390715873,24.5,0.40,"Kiosk Roland Krupkat","Einkaufskiosk","Frankfurter Straße 36","Aliceplatz"
hessen/frankfurt,tk_fr_1579,tk_fr_osm_n13357274037,9.5,0.39,"Kiosk Lenaustraße","Smart Kiosk Nordend","Lenaustraße 38",""
hessen/frankfurt,tk_fr_0367,tk_fr_osm_n4382539131,15.6,0.39,"Kiosk und Hami's Bistro","Einkaufs-Kiosk","Waldstraße 107","Waldstraße 109"
hessen/frankfurt,tk_fr_1540,tk_fr_1542,18.4,0.38,"Hanauer Kiosk ","Zum Yahya Kiosk-Trinkhalle","Schützenstraße 16","Schnurstraße 10"
hessen/frankfurt,tk_fr_0409,tk_fr_osm_n12873216350,10.3,0.37,"Kiosk im Markthäuschen","Einkaufskiosk","Bieberer Straße 9","Bieberer Straße 9b"
hessen/frankfurt,tk_fr_0410,tk_fr_osm_n288445913,17.3,0.35,"Verkaufskiosk Ohnacker","Kiosk zum Bersch","Aschaffenburger Straße 75","Aschaffenburger Straße 73"
niedersachsen/hannover,tk_fr_1691,tk_h_osm_n2527706948,9.5,0.38,"Kiosk in der Lutherstraße","Kiosk 43","Lutherstraße 43",""
nordrhein-westfalen/aachen,tk_fr_1054,tk_fr_0603,24.5,0.44,"Alb-Kiosk","Pont Kiosk Stehcafe","Pontstraße 27","Pontstraße 46"
nordrhein-westfalen/bielefeld,tk_fr_1081,tk_bi_osm_n12852956560,13.6,0.32,"Kiosk City Point","The City Drugstore","Herforder Straße 5",""
nordrhein-westfalen/duesseldorf,tk_fr_1340,tk_d_osm_w119500257,21.7,0.48,"Kiosk bedri ","Bedri's Island","Bachstraße 50","Bachstraße 50a"
nordrhein-westfalen/duesseldorf,tk_fr_1351,tk_d_osm_n7526710083,11.8,0.36,"Kisok fürstenwall","Kiosk-Stehcafé Evrensel","Fürstenwall 155",""
nordrhein-westfalen/koeln,tk_fr_0891,tk_k_osm_n8438621377,16.2,0.54,"Haribo Kiosk","Aqua Kiosk","Venloer Straße 462","Venloer Straße 449"
nordrhein-westfalen/koeln,tk_fr_1760,tk_k_osm_n2357580214,22.8,0.54,"Rebar Kiosk","Ayvaz Kiosk","Trimbornstraße 13",""
nordrhein-westfalen/koeln,tk_fr_0912,tk_k_osm_n249065643,12.4,0.52,"Kiosk Bayram","Kiosk Carsi","Stolberger Straße 382","Vitalisstraße 393"
nordrhein-westfalen/koeln,tk_fr_1911,tk_k_osm_n1039919984,14.1,0.52,"Kiosk 28","Kiosk Steh Cafe","Peter-Stühlen-Straße 126",""
nordrhein-westfalen/koeln,tk_fr_0889,tk_k_osm_n3643301894,25.8,0.52,"Kiosk Aran","City-Kiosk 89","Dürener Straße 89",""
nordrhein-westfalen/koeln,tk_fr_1814,tk_k_osm_n442580529,24.7,0.52,"Eddie‘s Kiosk","Souvenir Kiosk","Marspfortengasse 10","Große Budengasse 3"
nordrhein-westfalen/koeln,tk_fr_1519,tk_k_osm_n7192692024,27.9,0.51,"Kiosk Snacks Drinks Tabak","BAC Kiosk","Marzellenstraße 12",""
nordrhein-westfalen/koeln,tk_fr_0793,tk_fr_0794,21.3,0.50,"Steh Café Kiosk","Uni Kiosk ","Stockenstraße 1","Stockenstraße 9"
nordrhein-westfalen/koeln,tk_fr_0917,tk_k_osm_n3528812693,22.8,0.50,"Kiosk Getränke ","Kiosk Stehcafé","Schaafenstraße 2",""
nordrhein-westfalen/koeln,tk_fr_0851,tk_k_osm_n246271861,12.1,0.45,"Kiosk Ekinci","Kiosk an der Bahn","Hartwichstraße 102",""
nordrhein-westfalen/koeln,tk_fr_0230,tk_k_osm_w695915843,8.5,0.44,"Mommsenbad Kiosk","Kiosk am Park","Euskirchener Straße 54",""
nordrhein-westfalen/koeln,tk_fr_0213,tk_k_osm_n266325617,26.3,0.41,"Kiosk am Kölner Weg","Kiosk Junkersdorf","Frankenstraße 22",""
nordrhein-westfalen/koeln,tk_fr_0863,tk_k_osm_n12190222750,10.8,0.38,"Kiosk AN Zentrum ","Kiosk Bonner Wall","Bonner Straße 87",""
nordrhein-westfalen/koeln,tk_fr_0583,tk_k_osm_n603322380,11.2,0.33,"24 std. Kiosk","24 Hours","Frankfurter Straße 64",""
nordrhein-westfalen/koeln,tk_fr_1041,tk_k_osm_n3792897260,13.2,0.32,"Kiosk ","Böcking Eck","Böckingstraße 40",""
nordrhein-westfalen/ruhr,tk_fr_1639,tk_ru_osm_n1324945206,20.0,0.45,"Mehmet's Kiosk","Wiesener Kiosk","Wiesenstraße 13",""
nordrhein-westfalen/ruhr,tk_fr_0333,tk_ru_osm_n4557116289,17.3,0.34,"Raian und vieles mehr.. Kiosk","Trinkhalle Raian","Kaiserstraße 10",""
nordrhein-westfalen/ruhr,tk_fr_1108,tk_fr_0549,24.4,0.31,"Sajay Kiosk","Kiosk & Minimarkt am Hotel Drees ","Querstraße 4","Querstraße 2"
sachsen-anhalt/halle,tk_fr_0781,tk_hal_osm_n6191386156,27.0,0.50,"SPÄTI","Spätverkauf","Richard-Wagner-Straße 38",""
schleswig-holstein/kiel,tk_fr_0756,tk_ki_osm_n388254353,13.4,0.45,"Küstenkiosk east","Tina`s Kiosk","An der Holsatiamühle 1",""
